{
  "Title": "Team Members",
  
  "ColumnHeaders" :
  [
    "ID",
    "Name",
    "Role",
    "Nickname"
  ],

  "Data" :
  [
    {
        "ID" : "001",
        "Name" : "John Doe",
        "Role" : "Engineer",
        "Nickname" : "KillerJo"
    },
    {
        "ID" : "023",
        "Name" : "Claire Dawn",
        "Role" : "Engineer",
        "Nickname" : "Claw"
    },
    {
        "ID" : "012",
        "Name" : "Paul Beef",
        "Role" : "Designer",
        "Nickname" : "BeefyPaul"
    },
	{
        "ID" : "112",
        "Name" : "Paul Beef_1",
        "Role" : "Designer_1",
        "Nickname" : "BeefyPaul_1"
    },
	{
        "ID" : "212",
        "Name" : "Paul Beef_2",
        "Role" : "Designer_2",
        "Nickname" : "BeefyPaul_2"
    },
	{
        "ID" : "312",
        "Name" : "Paul Beef_3",
        "Role" : "Designer_3",
        "Nickname" : "BeefyPaul_3"
    },
    {
        "ID" : "056",
        "Name" : "Sally Sue",
        "Role" : "Artist",
        "Nickname" : "Sue5555"
    }
  ]
}
